Timestamp,CPU_Usage_%,RAM_Usage_%,Free_Disk_GB
2026-08-15T19:43:52.692884700,0.0,67.71,269.96
2026-08-15T19:43:55.089881200,24.52,67.58,269.96
2026-08-15T19:43:58.087035100,22.97,67.4,269.95
2026-08-15T19:44:01.105878100,24.59,67.37,269.93
2026-08-15T19:44:04.087724600,24.12,66.76,269.93
2026-08-15T19:44:07.082816200,35.44,66.95,269.92
2026-08-15T19:44:10.094730,32.17,66.05,269.92
2026-08-15T19:44:13.086279800,36.41,66.18,269.92
2026-08-15T19:44:16.087933,54.16,66.15,269.92
2026-08-15T19:44:19.091759900,38.53,67.53,269.91
2026-08-15T19:44:22.085429600,35.41,70.37,269.89
2026-08-15T19:44:25.084456,34.09,67.82,269.73
2026-08-15T19:44:28.121617100,82.86,66.3,269.89
2026-08-15T19:44:31.089613200,80.57,65.91,269.88
2026-08-15T19:44:34.094788900,51.67,65.96,269.82
2026-08-15T19:44:37.089934200,49.92,67.77,269.52
2026-08-15T19:44:40.086801600,42.5,67.65,269.59
2026-08-15T19:47:06.530613700,43.51,66.63,269.58
2026-08-15T19:47:06.535200300,41.1,66.59,269.52
2026-08-15T19:47:06.536196100,41.1,66.59,269.52
2026-08-15T19:47:06.538526200,41.1,66.59,269.52
2026-08-15T19:47:06.539522900,41.1,66.59,269.52
2026-08-15T19:47:06.541618400,41.1,66.59,269.52
2026-08-15T19:47:06.542683800,41.1,66.59,269.52
2026-08-15T19:47:06.544678700,41.1,66.59,269.52
2026-08-15T19:47:06.546673600,41.1,66.59,269.52
2026-08-15T19:47:06.567079800,41.1,66.58,269.52
2026-08-15T19:47:06.568076100,41.1,66.47,269.52
2026-08-15T19:47:06.569073600,41.1,66.47,269.52
2026-08-15T19:47:06.570588700,41.1,66.47,269.52
2026-08-15T19:47:06.573316600,41.1,66.48,269.52
2026-08-15T19:47:06.576464600,41.1,66.49,269.52
2026-08-15T19:47:06.577506600,41.1,66.5,269.52
2026-08-15T19:47:06.577506600,41.1,66.52,269.52
2026-08-15T19:47:06.579511100,41.1,66.52,269.52
2026-08-15T19:47:06.581528200,41.1,66.52,269.52
2026-08-15T19:47:06.583013100,41.1,66.52,269.52
2026-08-15T19:47:06.584093400,41.1,66.52,269.52
2026-08-15T19:47:06.587603800,41.1,66.52,269.52
2026-08-15T19:47:06.588615500,41.1,66.52,269.52
2026-08-15T19:47:06.590223900,41.1,66.52,269.52
2026-08-15T19:47:06.591242100,41.1,66.52,269.52
2026-08-15T19:47:06.591242100,41.1,66.52,269.52
2026-08-15T19:47:06.591242100,41.1,66.52,269.52
2026-08-15T19:47:06.591242100,41.1,66.52,269.52
2026-08-15T19:47:06.596148,41.1,66.52,269.52
2026-08-15T19:47:06.597150600,41.1,66.52,269.52
2026-08-15T19:47:06.599144,41.1,66.52,269.52
2026-08-15T19:47:06.600227100,41.1,66.52,269.52
2026-08-15T19:47:06.601231600,41.1,66.52,269.52
2026-08-15T19:47:06.605052700,41.1,66.52,269.52
2026-08-15T19:47:06.606184,41.1,66.52,269.52
2026-08-15T19:47:06.607204600,41.1,66.52,269.52
2026-08-15T19:47:06.607204600,41.1,66.52,269.52
2026-08-15T19:47:06.608209500,41.1,66.52,269.52
2026-08-15T19:47:06.609214200,41.1,66.52,269.52
2026-08-15T19:47:06.610234600,41.1,66.52,269.52
2026-08-15T19:47:06.612816800,41.1,66.52,269.52
2026-08-15T19:47:06.616810400,41.1,66.52,269.52
2026-08-15T19:47:06.617974300,41.1,66.52,269.52
2026-08-15T19:47:06.619073400,41.1,66.52,269.52
2026-08-15T19:47:06.623972500,41.1,66.51,269.52
2026-08-15T19:47:06.623972500,41.1,66.51,269.52
2026-08-15T19:47:06.624991,41.1,66.51,269.52
2026-08-15T19:47:06.626119500,41.1,66.51,269.52
2026-08-15T19:47:07.098608,18.92,66.52,269.52
2026-08-15T19:47:10.093279400,19.02,66.52,269.52
2026-08-15T19:47:13.096886700,13.91,66.35,269.51
2026-08-15T19:47:16.086284800,32.47,66.5,269.51
2026-08-15T19:47:19.096601600,39.14,66.81,269.51
2026-08-15T19:47:22.086657,91.24,68.04,269.51
2026-08-15T19:47:25.083816900,26.36,67.74,269.51
2026-08-15T19:47:28.094460400,14.89,67.7,269.51
2026-08-15T19:47:31.091668300,26.0,67.76,269.51
2026-08-15T19:47:34.088148300,7.54,67.76,269.51
2026-08-15T19:47:37.092315900,19.9,67.83,269.51
2026-08-15T19:47:40.084703500,22.33,67.81,269.51
2026-08-15T19:47:43.095574100,11.42,67.85,269.51
2026-08-15T19:47:46.150992100,17.16,67.82,269.51
2026-08-15T19:47:49.088398200,27.45,67.89,269.5
2026-08-15T19:47:52.083580300,27.23,67.92,269.5
2026-08-15T19:47:55.181849900,31.52,68.27,269.5
2026-08-15T19:47:58.086953200,16.4,68.15,269.5
2026-08-15 19:48:01,0.0,68.3,269.5
2026-08-15 19:48:03,17.1,67.8,269.5
2026-08-15 19:48:06,23.0,67.3,269.5
2026-08-15 19:48:09,16.4,67.1,269.5
2026-08-15 19:48:12,20.9,67.0,269.5
2026-08-15 19:48:15,25.3,67.1,269.5
2026-08-15 19:48:18,21.6,67.1,269.5
2026-08-15 19:48:21,28.4,67.2,269.5
2026-08-15 19:48:24,30.2,67.2,269.49
2026-08-15 19:48:27,25.7,67.2,269.49
2026-08-15 19:48:30,16.0,66.0,269.52
2026-08-15 19:48:33,8.1,66.0,269.52
2026-08-15 19:48:36,14.1,66.0,269.52
2026-08-15 19:48:39,18.6,65.9,269.51
2026-08-15 19:48:42,9.6,65.6,269.51
2026-08-15 19:48:45,8.8,65.6,269.51
2026-08-15 19:48:48,4.5,65.6,269.51
2026-08-15 19:48:51,14.1,65.7,269.51
2026-08-15 19:48:54,16.3,66.0,269.51
2026-08-15 19:48:57,9.2,65.8,269.51
2026-08-15 19:49:00,14.4,65.8,269.51
2026-08-15 19:49:03,19.6,65.9,269.51
2026-08-15 19:49:06,28.5,65.9,269.5
2026-08-15 19:49:09,12.5,66.0,269.5
2026-08-15 19:49:12,17.0,65.8,269.5
2026-08-15 19:49:15,22.4,65.7,269.5
2026-08-15 19:49:18,12.0,65.6,269.5
2026-08-15 19:49:21,14.6,65.7,269.5
2026-08-15 19:49:24,17.6,65.8,269.5
2026-08-15 19:49:27,32.1,65.8,269.5
2026-08-15 19:49:30,42.1,65.9,269.5
2026-08-15 19:49:33,41.3,65.9,269.5
2026-08-15 19:49:36,25.6,65.9,269.5
2026-08-15 19:49:39,8.1,65.8,269.5
2026-08-15 19:49:42,16.0,65.8,269.5
2026-08-15 19:49:45,17.7,65.8,269.28
2026-08-15 19:49:48,14.7,65.7,269.28
2026-08-15 19:49:51,17.3,65.7,269.28
2026-08-15 19:49:54,21.1,65.7,269.28
2026-08-15 19:49:57,15.4,65.7,269.27
2026-08-15 19:50:00,16.0,65.7,269.27
2026-08-15 19:50:03,17.2,65.7,269.27
2026-08-15 19:50:06,21.8,65.6,269.27
2026-08-15 19:50:09,14.7,65.6,269.27
2026-08-15 19:50:12,18.6,65.6,269.27
2026-08-15 19:50:15,18.7,65.6,269.27
2026-08-15 19:50:18,20.6,65.5,269.27
2026-08-15 19:50:21,17.8,65.5,269.26
2026-08-15 19:50:24,14.5,65.5,269.26
2026-08-15 19:50:27,20.9,65.5,269.26
2026-08-15 19:50:30,23.9,65.6,269.26
2026-08-15 19:50:33,15.3,65.6,269.26
2026-08-15 19:50:36,21.6,65.5,269.25
2026-08-15 19:50:39,42.5,65.6,269.25
2026-08-15 19:50:42,35.5,65.6,269.25
2026-08-15 19:50:45,40.9,65.7,269.25
2026-08-15 19:50:48,48.6,65.9,269.25
2026-08-15 19:50:51,23.6,66.2,269.25
2026-08-15 19:50:54,14.1,66.4,269.25
2026-08-15 19:50:57,15.6,66.5,269.25
2026-08-15 19:51:00,24.9,66.6,269.25
2026-08-15 19:51:03,19.1,66.7,269.25
2026-08-15 19:51:06,20.2,66.7,269.25
2026-08-15 19:51:09,20.7,65.6,269.25
2026-08-15 19:51:12,13.6,65.6,269.25
2026-08-15 19:51:15,17.9,65.5,269.25
2026-08-15 19:51:18,36.8,65.8,269.24
2026-08-15 19:51:21,37.8,65.9,269.24
2026-08-15 19:51:24,19.7,65.8,269.24
2026-08-15 19:51:27,23.7,65.9,269.24
2026-08-15 19:51:30,51.8,66.2,269.24
2026-08-15 19:51:33,28.4,65.7,269.24
2026-08-15 19:51:36,27.9,66.0,269.24
2026-08-15 19:51:39,23.6,66.0,269.24
2026-08-15 19:51:42,33.6,65.8,269.24
2026-08-15 19:51:45,24.3,65.7,269.24
2026-08-15 19:51:48,10.5,65.6,269.24
2026-08-15 19:51:51,13.3,65.5,269.24
2026-08-15 19:51:54,23.3,65.6,269.24
2026-08-15 19:51:57,40.9,65.2,269.23
2026-08-15 19:52:00,19.1,65.2,269.23
2026-08-15 19:52:03,13.9,65.1,269.23
2026-08-15 19:52:06,38.1,65.4,269.23
2026-08-15 19:52:09,20.2,65.5,269.23
2026-08-15 19:52:12,22.2,65.7,269.23
2026-08-15 19:52:15,29.3,65.5,269.23
2026-08-15 19:52:18,9.5,65.4,269.23
2026-08-15 19:52:21,14.7,65.1,269.23
2026-08-15 19:52:24,7.5,65.0,269.23
2026-08-15 19:52:27,17.9,65.0,269.23
2026-08-15 19:52:30,16.9,65.1,269.23
2026-08-15 19:52:33,14.0,65.0,269.23
2026-08-15 19:52:36,41.8,65.2,269.23
2026-08-15 19:52:39,14.7,65.2,269.23
2026-08-15 19:52:42,29.3,65.3,269.23
2026-08-15 19:52:45,24.3,65.5,269.23
2026-08-15 19:52:48,24.7,65.4,269.23
2026-08-15 19:52:51,23.5,65.3,269.23
2026-08-15 19:52:54,12.9,65.2,269.23
2026-08-15 19:52:57,22.5,65.2,269.22
2026-08-15 19:53:00,42.1,65.6,269.22
2026-08-15 19:53:03,9.4,65.6,269.22
2026-08-15 19:53:06,35.1,63.4,269.22
2026-08-15 19:53:09,20.5,63.3,269.22
2026-08-15 19:53:12,11.3,63.3,269.22
2026-08-15 19:53:15,17.2,63.4,269.22
2026-08-15 19:53:18,9.3,63.3,269.22
2026-08-15 19:53:21,25.3,63.4,269.22
2026-08-15 19:53:24,6.5,63.3,269.22
2026-08-15 19:53:27,18.6,63.5,269.22
2026-08-15 19:53:30,16.0,63.4,269.22
2026-08-15 19:53:33,15.8,63.4,269.22
2026-08-15 19:53:36,13.4,63.4,269.21
2026-08-15 19:53:39,12.3,63.3,269.21
2026-08-15 19:53:42,17.2,63.3,269.21
2026-08-15 19:53:45,14.9,63.2,269.21
2026-08-15 19:53:48,10.0,63.2,269.21
2026-08-15 19:53:51,12.4,63.2,269.21
2026-08-15 19:53:54,12.1,63.2,269.21
2026-08-15 19:53:57,14.2,63.2,269.21
2026-08-15 19:54:00,21.3,62.8,269.21
2026-08-15 19:54:03,15.1,62.8,269.21
2026-08-15 19:54:06,20.3,62.7,269.2
2026-08-15 19:54:09,19.4,63.7,269.2
2026-08-15 19:54:12,21.2,63.6,269.2
2026-08-15 19:54:15,52.3,64.0,269.2
2026-08-15 19:54:18,17.9,63.9,269.2
2026-08-15 19:54:21,35.5,63.8,269.19
2026-08-15 19:54:24,23.6,63.8,269.19
2026-08-15 19:54:27,11.9,63.9,269.19
2026-08-15 19:54:30,15.0,63.8,269.19
2026-08-15 19:54:33,11.4,63.8,269.19
2026-08-15 19:54:36,17.3,63.8,269.21
2026-08-15 19:54:39,13.4,63.8,269.2
2026-08-15 19:54:42,33.7,64.0,269.22
2026-08-15 19:54:45,21.9,64.0,269.21
2026-08-15 19:54:48,17.8,64.0,269.21
2026-08-15 19:54:51,32.1,64.5,269.21
2026-08-15 19:54:54,17.1,64.5,269.21
2026-08-15 19:54:57,25.2,64.5,269.2
2026-08-15 19:55:00,11.3,64.6,269.2
2026-08-15 19:55:03,8.4,64.5,269.2
2026-08-15 19:55:06,14.2,64.6,269.2
2026-08-15 19:55:09,15.0,64.5,269.2
2026-08-15 19:55:12,11.4,64.5,269.2
2026-08-15 19:55:15,19.3,64.4,269.2
2026-08-15 19:55:18,8.7,64.3,269.2
2026-08-15 19:55:21,19.7,64.2,269.2
2026-08-15 19:55:24,12.2,64.2,269.2
2026-08-15 19:55:27,15.7,64.3,269.2
2026-08-15 19:55:30,10.9,64.3,269.2
2026-08-15 19:55:33,8.7,64.2,269.19
2026-08-15 19:55:36,14.2,64.2,269.19
2026-08-15 19:55:39,9.3,64.1,269.19
2026-08-15 19:55:42,13.4,64.1,269.19
2026-08-15 19:55:45,33.9,64.6,269.19
2026-08-15 19:55:48,21.8,64.6,269.19
2026-08-15 19:55:51,13.8,64.6,269.18
2026-08-15 19:55:54,8.3,64.5,269.18
2026-08-15 19:55:57,13.7,64.3,269.18
2026-08-15 19:56:00,14.7,64.3,269.18
2026-08-15 19:56:03,11.3,64.3,269.18
2026-08-15 19:56:06,11.3,64.3,269.18
2026-08-15 19:56:09,10.8,64.3,269.18
2026-08-15 19:56:12,24.1,64.3,269.18
2026-08-15 19:56:15,30.5,64.4,269.18
2026-08-15 19:56:18,26.1,64.5,269.18
2026-08-15 19:56:21,28.2,64.3,269.18
2026-08-15 19:56:24,16.6,64.1,269.18
2026-08-15 19:56:27,47.1,65.4,269.18
2026-08-15 19:56:30,22.9,65.4,269.16
2026-08-15 19:56:33,9.5,65.3,269.16
2026-08-15 19:56:36,26.5,65.1,269.16
2026-08-15 19:56:39,11.8,65.1,269.16
2026-08-15 19:56:42,15.4,65.1,269.16
2026-08-15 19:56:45,27.5,64.9,269.16
2026-08-15 19:56:48,59.0,65.8,269.15
2026-08-15 19:56:51,16.4,65.7,269.15
2026-08-15 19:56:54,8.3,65.2,269.15
2026-08-15 19:56:57,14.6,65.1,269.15
2026-08-15 19:57:00,9.2,65.0,269.15
2026-08-15 19:57:03,10.7,64.9,269.15
2026-08-15 19:57:06,13.5,64.9,269.15
2026-08-15 19:57:09,32.1,64.8,269.15
2026-08-15 19:57:12,27.8,65.3,269.15
2026-08-15 19:57:15,21.3,65.3,269.15
2026-08-15 19:57:18,9.2,65.3,269.14
2026-08-15 19:57:21,15.2,65.2,269.14
2026-08-15 19:57:24,11.4,65.2,269.14
2026-08-15 19:57:27,20.0,65.1,269.14
2026-08-15 19:57:30,13.6,65.2,269.14
2026-08-15 19:57:33,8.4,65.2,269.14
2026-08-15 19:57:36,12.1,65.3,269.14
2026-08-15 19:57:39,10.4,65.2,269.14
2026-08-15 19:57:42,15.1,65.4,269.14
2026-08-15 19:57:45,17.7,65.5,269.13
2026-08-15 19:57:48,14.1,65.5,269.13
2026-08-15 19:57:51,17.2,65.6,269.13
2026-08-15 19:57:54,22.7,65.8,269.13
2026-08-15 19:57:57,11.1,65.9,269.13
2026-08-15 19:58:00,12.0,66.1,269.13
2026-08-15 19:58:03,17.4,66.1,269.13
2026-08-15 19:58:06,23.6,64.9,269.13
2026-08-15 19:58:09,10.7,64.9,269.13
2026-08-15 19:58:12,17.1,65.1,269.13
2026-08-15 19:58:15,15.5,65.3,269.13
2026-08-15 19:58:18,11.4,65.3,269.13
2026-08-15 19:58:21,10.4,65.4,269.13
2026-08-15 19:58:24,12.2,65.4,269.12
2026-08-15 19:58:27,11.4,65.5,269.12
2026-08-15 19:58:30,19.7,65.5,269.12
2026-08-15 19:58:33,17.2,65.5,269.12
2026-08-15 19:58:36,14.9,65.6,269.12
2026-08-15 19:58:39,9.9,65.7,269.12
2026-08-15 19:58:42,13.5,65.8,269.12
2026-08-15 19:58:45,8.1,65.9,269.12
2026-08-15 19:58:48,17.3,65.9,269.12
2026-08-15 19:58:51,18.5,66.0,269.12
2026-08-15 19:58:54,39.4,63.6,269.12
2026-08-15 19:58:57,47.1,63.9,269.12
2026-08-15 19:59:00,14.8,64.0,269.12
2026-08-15 19:59:03,23.8,63.7,269.12
2026-08-15 19:59:06,43.5,63.6,269.11
2026-08-15 19:59:09,54.8,63.9,269.1
2026-08-15 19:59:12,73.3,64.5,269.1
2026-08-15 19:59:15,84.1,64.5,269.41
2026-08-15 19:59:18,99.6,65.7,270.0
2026-08-15 19:59:21,100.0,66.5,270.07
2026-08-15 19:59:24,84.2,66.7,270.07
2026-08-15 19:59:27,17.7,65.8,270.07
2026-08-15 19:59:30,62.1,66.6,270.07
2026-08-15 19:59:33,26.2,66.4,270.07
2026-08-15 19:59:36,31.9,66.8,270.02
2026-08-15 19:59:39,33.6,66.1,270.01
2026-08-15 19:59:42,23.3,66.1,270.01
2026-08-15 19:59:45,16.9,65.4,270.01
2026-08-15 19:59:48,13.9,65.5,270.0
2026-08-15 19:59:51,9.2,65.4,270.0
2026-08-15 19:59:54,37.6,65.8,270.0
2026-08-15 19:59:57,82.1,65.7,270.0
2026-08-15 20:00:00,77.0,65.7,270.14
2026-08-15 20:00:03,26.8,65.7,270.14
2026-08-15 20:00:06,36.5,65.9,270.06
2026-08-15 20:00:09,37.6,65.9,270.05
2026-08-15 20:00:12,37.6,65.8,270.04
2026-08-15 20:00:15,36.3,65.8,270.03
2026-08-15 20:00:18,38.9,65.7,270.02
2026-08-15 20:00:21,31.9,65.6,270.02
2026-08-15 20:00:24,35.1,65.7,269.99
2026-08-15 20:00:27,24.0,65.7,269.96
2026-08-15 20:00:30,31.2,65.4,270.02
2026-08-15 20:00:33,32.0,65.7,270.02
2026-08-15 20:00:36,25.7,65.7,270.05
2026-08-15 20:00:39,13.1,65.4,270.05
2026-08-15 20:00:42,54.0,65.4,270.05
2026-08-15 20:00:45,23.7,65.3,270.05
2026-08-15 20:00:48,29.4,65.5,270.05
2026-08-15 20:00:51,47.2,65.4,270.05
2026-08-15 20:00:54,54.7,65.6,270.05
2026-08-15 20:00:57,14.7,65.5,270.05
2026-08-15 20:01:00,14.1,65.5,270.05
2026-08-15 20:01:03,20.8,65.5,269.98
2026-08-15 20:01:06,23.3,65.4,269.97
2026-08-15 20:01:09,20.4,65.4,269.96
2026-08-15 20:01:12,22.6,65.5,270.21
2026-08-15 20:01:15,18.2,65.5,270.21
2026-08-15 20:01:18,36.9,65.5,270.21
2026-08-15 20:01:21,57.8,65.6,270.25
2026-08-15 20:01:24,17.4,65.5,270.24
2026-08-15 20:01:27,29.0,65.6,270.24
2026-08-15 20:01:30,25.5,65.7,270.13
2026-08-15 20:01:33,18.8,65.7,270.12
2026-08-15 20:01:36,17.4,65.6,270.12
2026-08-15 20:01:39,15.1,65.6,270.11
2026-08-15 20:01:42,15.9,65.6,270.11
2026-08-15 20:01:45,17.6,65.6,270.11
2026-08-15 20:01:48,20.7,65.6,270.11
2026-08-15 20:01:51,23.0,65.6,270.1
2026-08-15 20:01:54,18.3,65.6,270.1
2026-08-15 20:01:57,18.8,65.6,270.1
2026-08-15 20:02:00,16.2,65.5,270.09
2026-08-15 20:02:03,17.7,65.5,270.09
2026-08-15 20:02:06,23.8,65.5,270.09
2026-08-15 20:02:09,54.3,65.5,270.2
2026-08-15 20:02:12,51.2,65.7,270.2
2026-08-15 20:02:15,16.2,65.8,270.2
2026-08-15 20:02:18,29.3,65.8,270.19
2026-08-15 20:02:21,32.4,65.7,269.95
2026-08-15 20:02:24,10.7,65.7,269.95
2026-08-15 20:02:27,15.0,65.7,269.95
2026-08-15 20:02:30,10.3,65.7,269.94
2026-08-15 20:02:33,13.9,65.7,269.94
2026-08-15 20:02:36,15.2,65.8,269.94
2026-08-15 20:02:39,9.0,65.7,269.93
2026-08-15 20:02:42,25.0,65.7,269.93
2026-08-15 20:02:45,11.1,65.6,269.93
2026-08-15 20:02:48,13.4,65.6,269.92
2026-08-15 20:02:51,14.3,65.7,269.92
2026-08-15 20:02:54,15.7,65.6,269.92
2026-08-15 20:02:57,15.0,65.7,269.92
2026-08-15 20:03:00,6.4,65.6,269.92
2026-08-15 20:03:03,12.1,65.5,269.92
2026-08-15 20:03:06,29.4,65.3,269.92
2026-08-15 20:03:09,24.1,64.7,269.92
2026-08-15 20:03:12,19.7,64.8,269.91
2026-08-15 20:03:15,16.3,64.7,269.91
2026-08-15 20:03:18,42.2,64.7,269.91
2026-08-15 20:03:21,47.8,64.8,269.9
2026-08-15 20:03:24,40.6,64.8,269.9
2026-08-15 20:03:27,29.6,64.9,269.9
2026-08-15 20:03:30,20.1,65.0,269.89
2026-08-15 20:03:33,42.7,65.8,269.89
2026-08-15 20:03:36,17.9,65.7,269.89
2026-08-15 20:03:39,36.4,65.7,269.88
2026-08-15 20:03:42,66.7,65.7,270.12
2026-08-15 20:03:45,18.7,65.7,270.12
2026-08-15 20:03:48,12.9,65.7,270.12
2026-08-15 20:03:51,31.5,65.7,270.12
2026-08-15 20:03:54,12.4,65.8,270.09
2026-08-15 20:03:57,24.5,65.7,270.09
2026-08-15 20:04:00,64.8,66.8,270.08
2026-08-15 20:04:04,64.5,69.1,270.08
2026-08-15 20:04:06,86.8,68.7,270.07
2026-08-15 20:04:09,74.7,69.2,270.07
2026-08-15 20:04:12,88.8,69.8,270.09
2026-08-15 20:04:16,91.6,68.2,270.09
2026-08-15 20:04:18,100.0,69.0,270.11
2026-08-15 20:04:21,70.4,69.3,270.1
2026-08-15 20:04:24,39.7,69.5,270.1
2026-08-15 20:04:27,73.6,69.7,270.09
2026-08-15 20:04:30,46.3,69.9,270.09
2026-08-15 20:04:33,46.5,69.7,270.08
2026-08-15 20:04:36,63.0,68.8,270.1
2026-08-15 20:04:39,16.8,68.4,270.1
2026-08-15 20:04:42,34.7,68.2,270.06
2026-08-15 20:04:45,18.9,68.1,270.05
2026-08-15 20:04:48,56.5,67.9,270.01
2026-08-15 20:04:51,37.8,68.1,269.98
2026-08-15 20:04:54,16.5,67.8,270.04
2026-08-15 20:04:57,20.5,67.9,269.97
2026-08-15 20:05:00,28.6,68.1,269.96
2026-08-15 20:05:03,49.1,68.6,269.96
2026-08-15 20:05:06,57.7,69.3,269.95
2026-08-15 20:05:09,9.7,69.3,269.95
2026-08-15 20:05:12,28.6,68.7,269.95
2026-08-15 20:05:15,18.3,68.7,269.95
2026-08-15 20:05:18,65.2,68.8,269.95
2026-08-15 20:05:21,23.9,68.9,269.94
2026-08-15 20:05:24,24.0,68.9,269.94
2026-08-15 20:05:27,28.8,68.6,269.94
2026-08-15 20:05:30,8.0,68.6,269.93
2026-08-15 20:05:33,57.1,68.9,269.93
2026-08-15 20:05:36,19.7,68.8,269.93
2026-08-15 20:05:39,13.8,68.8,269.93
2026-08-15 20:05:42,14.6,68.8,269.92
2026-08-15 20:05:45,24.5,69.2,269.92
2026-08-15 20:05:48,29.3,69.1,269.92
2026-08-15 20:05:51,63.2,69.1,269.99
2026-08-15 20:05:54,27.8,69.1,269.99
2026-08-15 20:05:57,26.8,69.2,269.99
2026-08-15 20:06:00,40.1,69.2,269.99
2026-08-15 20:06:03,57.5,69.1,269.99
2026-08-15 20:06:06,15.5,69.0,269.99
2026-08-15 20:06:09,11.0,69.0,269.99
2026-08-15 20:06:12,18.4,69.0,269.99
2026-08-15 20:06:15,39.9,69.3,269.98
2026-08-15 20:06:18,33.1,69.6,269.98
2026-08-15 20:06:21,65.8,69.7,269.99
2026-08-15 20:06:24,40.6,69.3,269.99
2026-08-15 20:06:27,41.2,69.3,269.99
2026-08-15 20:06:30,65.1,69.5,269.99
2026-08-15 20:06:33,60.3,69.5,270.01
2026-08-15 20:06:36,48.1,69.4,270.01
2026-08-15 20:06:39,32.1,69.6,270.01
2026-08-15 20:06:42,70.4,69.6,270.01
2026-08-15 20:06:45,61.0,69.7,270.01
2026-08-15 20:06:48,28.3,69.6,270.01
2026-08-15 20:06:51,12.8,69.3,270.01
2026-08-15 20:06:54,17.5,69.3,270.01
2026-08-15 20:06:57,9.6,69.4,270.01
2026-08-15 20:07:00,20.7,69.5,270.01
2026-08-15 20:07:03,21.7,69.5,270.01
2026-08-15 20:07:06,29.6,69.6,269.96
2026-08-15 20:07:09,10.9,69.7,269.96
2026-08-15 20:07:12,21.4,69.5,269.96
2026-08-15 20:07:15,16.2,69.4,269.96
2026-08-15 20:07:18,16.3,69.5,269.95
2026-08-15 20:07:21,21.0,69.4,269.95
2026-08-15 20:07:24,19.7,69.5,269.95
2026-08-15 20:07:27,20.3,69.7,269.94
2026-08-15 20:07:30,39.4,69.5,269.94
2026-08-15 20:07:33,55.6,69.4,269.98
2026-08-15 20:07:36,32.6,69.5,269.97
2026-08-15 20:07:39,22.6,69.6,269.66
2026-08-15 20:07:42,13.4,69.5,269.66
2026-08-15 20:07:45,10.6,69.4,269.65
2026-08-15 20:07:48,30.1,69.6,269.64
2026-08-15 20:07:51,29.7,69.8,269.63
2026-08-15 20:07:54,13.4,69.5,269.63
2026-08-15 20:07:57,40.6,69.6,269.62
2026-08-15 20:08:00,21.5,69.7,269.61
2026-08-15 20:08:03,35.1,69.7,269.6
2026-08-15 20:08:06,29.3,69.8,269.59
2026-08-15 20:08:09,28.2,67.9,269.59
2026-08-15 20:08:12,25.9,67.7,269.58
2026-08-15 20:08:15,14.5,67.7,269.58
2026-08-15 20:08:18,36.0,67.6,269.57
2026-08-15 20:08:21,42.8,67.8,269.51
2026-08-15 20:08:24,46.3,67.7,269.57
2026-08-15 20:08:27,30.0,67.6,269.57
2026-08-15 20:08:30,9.9,67.6,269.57
2026-08-15 20:08:33,16.8,67.4,269.57
2026-08-15 20:08:36,12.2,67.5,269.57
2026-08-15 20:08:39,12.8,67.3,269.57
2026-08-15 20:08:42,11.9,67.2,269.57
2026-08-15 20:08:45,5.6,67.2,269.57
2026-08-15 20:08:48,11.1,67.3,269.57
2026-08-15 20:08:51,8.7,67.5,269.57
2026-08-15 20:08:54,5.1,67.2,269.57
2026-08-15 20:08:57,15.6,67.2,269.57
2026-08-15 20:09:00,5.9,67.1,269.57
2026-08-15 20:09:03,9.2,67.2,269.57
2026-08-15 20:09:06,11.9,67.4,269.57
2026-08-15 20:09:09,13.6,67.4,269.57
2026-08-15 20:09:12,12.2,67.4,269.57
2026-08-15 20:09:15,14.7,67.4,269.57
2026-08-15 20:09:18,13.3,67.4,269.57
2026-08-15 20:09:21,15.8,67.5,269.57
2026-08-15 20:09:24,6.3,67.4,269.57
2026-08-15 20:09:27,10.6,67.1,269.57
2026-08-15 20:09:30,7.4,67.1,269.57
2026-08-15 20:09:33,8.9,67.1,269.57
2026-08-15 20:09:36,11.5,67.2,269.57
2026-08-15 20:09:39,7.9,66.9,269.57
2026-08-15 20:09:42,8.5,66.9,269.57
2026-08-15 20:09:45,5.2,66.9,269.57
2026-08-15 20:09:48,9.0,66.9,269.57
2026-08-15 20:09:51,9.7,67.0,269.57
2026-08-15 20:09:54,13.0,66.9,269.57
2026-08-15 20:09:57,13.5,66.9,269.57
2026-08-15 20:10:00,10.5,66.9,269.57
2026-08-15 20:10:03,14.0,66.9,269.57
2026-08-15 20:10:06,10.2,66.6,269.57
2026-08-15 20:10:09,12.5,66.5,269.57
2026-08-15 20:10:12,21.2,66.5,269.57
2026-08-15 20:10:15,13.4,66.1,269.57
2026-08-15 20:10:18,13.2,66.0,269.57
2026-08-15 20:10:21,12.3,66.1,269.57
2026-08-15 20:10:24,11.8,66.0,269.57
2026-08-15 20:10:27,11.1,66.0,269.57
2026-08-15 20:10:30,9.1,66.0,269.57
2026-08-15 20:10:33,17.7,66.1,269.57
2026-08-15 20:10:36,8.4,66.0,269.57
2026-08-15 20:10:39,10.6,66.0,269.57
2026-08-15 20:10:42,12.1,66.1,269.57
2026-08-15 20:10:45,9.9,66.0,269.57
2026-08-15 20:10:48,13.7,65.6,269.57
2026-08-15 20:10:51,7.5,65.6,269.57
2026-08-15 20:10:54,12.6,65.5,269.57
2026-08-15 20:10:57,11.8,65.5,269.57
2026-08-15 20:11:00,7.5,65.5,269.57
2026-08-15 20:11:03,10.8,65.5,269.57
2026-08-15 20:11:06,9.0,65.6,269.57
2026-08-15 20:11:09,7.0,65.6,269.57
2026-08-15 20:11:12,11.9,65.6,269.57
2026-08-15 20:11:15,8.1,65.5,269.57
2026-08-15 20:11:18,20.9,65.8,269.57
2026-08-15 20:11:21,24.2,65.9,269.57
2026-08-15 20:11:24,15.3,65.9,269.57
2026-08-15 20:11:27,19.2,65.8,269.57
2026-08-15 20:11:30,16.3,65.8,269.57
2026-08-15 20:11:33,20.5,65.8,269.57
2026-08-15 20:11:36,52.7,65.9,269.57
2026-08-15 20:11:39,36.3,65.9,269.57
2026-08-15 20:11:42,23.2,66.0,269.57
2026-08-15 20:11:45,14.0,66.0,269.57
2026-08-15 20:11:48,28.8,66.2,269.57
2026-08-15 20:11:51,39.3,66.0,269.57
2026-08-15 20:11:54,20.2,65.9,269.57
2026-08-15 20:11:57,15.9,65.9,269.57
2026-08-15 20:12:00,7.7,66.0,269.57
2026-08-15 20:12:03,15.3,66.0,269.57
2026-08-15 20:12:06,35.4,66.9,269.57
2026-08-15 20:12:09,39.6,67.4,269.57
2026-08-15 20:12:12,14.5,67.4,269.57
2026-08-15 20:12:15,10.4,67.5,269.57
2026-08-15 20:12:18,11.8,67.5,269.57
2026-08-15 20:12:21,6.4,67.5,269.57
2026-08-15 20:12:24,15.6,67.5,269.57
2026-08-15 20:12:27,15.5,67.4,269.57
2026-08-15 20:12:30,7.7,67.4,269.57
2026-08-15 20:12:33,14.3,67.4,269.57
2026-08-15 20:12:36,13.7,67.4,269.57
2026-08-15 20:12:39,7.3,67.4,269.57
2026-08-15 20:12:42,10.3,67.4,269.57
2026-08-15 20:12:45,6.2,67.4,269.57
2026-08-15 20:12:48,15.5,67.5,269.57
2026-08-15 20:12:51,6.2,67.5,269.57
2026-08-15 20:12:54,19.3,67.5,269.57
2026-08-15 20:12:57,9.3,67.6,269.57
